Mã ga;Tên ga;Vĩ độ;Kinh độ;Tuyến;Số tuyến;Ga trung chuyển;Nguồn;Ngày chụp;Google Maps
ga1;Bến Thành;10.77095;106.69788;m1,m2,m2tt;3;có;OpenStreetMap · Overpass API;2026-07-29;https://www.google.com/maps?q=10.77095,106.69788
ga2;Nhà hát Thành phố;10.7753;106.70207;m1;1;không;OpenStreetMap · Overpass API;2026-07-29;https://www.google.com/maps?q=10.7753,106.70207
ga3;Ba Son;10.78179;106.70834;m1;1;không;OpenStreetMap · Overpass API;2026-07-29;https://www.google.com/maps?q=10.78179,106.70834
ga4;Công viên Văn Thánh;10.79605;106.71551;m1;1;không;OpenStreetMap · Overpass API;2026-07-29;https://www.google.com/maps?q=10.79605,106.71551
ga5;Tân Cảng;10.79859;106.72324;m1;1;không;OpenStreetMap · Overpass API;2026-07-29;https://www.google.com/maps?q=10.79859,106.72324
ga6;Thảo Điền;10.80049;106.73365;m1,m7;2;có;OpenStreetMap · Overpass API;2026-07-29;https://www.google.com/maps?q=10.80049,106.73365
ga7;An Phú;10.80213;106.74225;m1;1;không;OpenStreetMap · Overpass API;2026-07-29;https://www.google.com/maps?q=10.80213,106.74225
ga8;Rạch Chiếc;10.80855;106.75528;m1;1;không;OpenStreetMap · Overpass API;2026-07-29;https://www.google.com/maps?q=10.80855,106.75528
ga9;Phước Long;10.82143;106.75818;m1,m7;2;có;OpenStreetMap · Overpass API;2026-07-29;https://www.google.com/maps?q=10.82143,106.75818
ga10;Bình Thái;10.83265;106.76389;m1,m6;2;có;OpenStreetMap · Overpass API;2026-07-29;https://www.google.com/maps?q=10.83265,106.76389
ga11;Thủ Đức;10.84641;106.77165;m1;1;không;OpenStreetMap · Overpass API;2026-07-29;https://www.google.com/maps?q=10.84641,106.77165
ga12;Khu Công nghệ cao;10.85899;106.78884;m1;1;không;OpenStreetMap · Overpass API;2026-07-29;https://www.google.com/maps?q=10.85899,106.78884
ga13;Đại học Quốc gia;10.8663;106.8012;m1;1;không;OpenStreetMap · Overpass API;2026-07-29;https://www.google.com/maps?q=10.8663,106.8012
ga14;Bến xe Suối Tiên;10.87954;106.81409;m1;1;không;OpenStreetMap · Overpass API;2026-07-29;https://www.google.com/maps?q=10.87954,106.81409
ga15;Tao Đàn;10.77316;106.6903;m2;1;không;OpenStreetMap · Overpass API;2026-07-29;https://www.google.com/maps?q=10.77316,106.6903
ga16;Hàm Nghi;10.77087;106.70359;m2tt;1;không;OpenStreetMap · Overpass API;2026-07-29;https://www.google.com/maps?q=10.77087,106.70359
ga17;Đại lộ Vòng Cung;10.77192;106.71498;m2tt;1;không;OpenStreetMap · Overpass API;2026-07-29;https://www.google.com/maps?q=10.77192,106.71498
ga18;Cung Thiếu nhi;10.77313;106.72229;m2tt;1;không;OpenStreetMap · Overpass API;2026-07-29;https://www.google.com/maps?q=10.77313,106.72229
ga19;Bệnh viện Quốc tế;10.7764;106.72872;m2tt;1;không;OpenStreetMap · Overpass API;2026-07-29;https://www.google.com/maps?q=10.7764,106.72872
ga20;Bình Khánh;10.78007;106.73592;m2tt;1;không;OpenStreetMap · Overpass API;2026-07-29;https://www.google.com/maps?q=10.78007,106.73592
ga21;Thủ Thiêm;10.78542;106.74229;m2tt,tt;2;có;OpenStreetMap · Overpass API;2026-07-29;https://www.google.com/maps?q=10.78542,106.74229
ga22;Ga S5;11.00796;106.66887;bd2;1;không;OpenStreetMap · Overpass API;2026-07-29;https://www.google.com/maps?q=11.00796,106.66887
ga23;Hiệp Bình Phước;10.86597;106.72397;bd2,m3;2;có;OpenStreetMap · Overpass API;2026-07-29;https://www.google.com/maps?q=10.86597,106.72397
ga24;Bà Hiện;10.79563;106.79182;m6,tt;2;có;OpenStreetMap · Overpass API;2026-07-29;https://www.google.com/maps?q=10.79563,106.79182
ga25;Phú Hữu;10.79439;106.7995;m6,tt;2;có;OpenStreetMap · Overpass API;2026-07-29;https://www.google.com/maps?q=10.79439,106.7995
ga26;Bình Trưng;10.7952;106.76407;tt;1;không;OpenStreetMap · Overpass API;2026-07-29;https://www.google.com/maps?q=10.7952,106.76407
ga27;Đỗ Xuân Hợp;10.79588;106.78037;tt;1;không;OpenStreetMap · Overpass API;2026-07-29;https://www.google.com/maps?q=10.79588,106.78037
ga28;Ông Nhiêu;10.79296;106.80782;tt;1;không;OpenStreetMap · Overpass API;2026-07-29;https://www.google.com/maps?q=10.79296,106.80782
ga29;Long Trường;10.79139;106.81683;tt;1;không;OpenStreetMap · Overpass API;2026-07-29;https://www.google.com/maps?q=10.79139,106.81683
ga30;Thiếc Dừa;10.77936;106.83077;tt;1;không;OpenStreetMap · Overpass API;2026-07-29;https://www.google.com/maps?q=10.77936,106.83077
ga31;Long Tân;10.75406;106.84842;tt;1;không;OpenStreetMap · Overpass API;2026-07-29;https://www.google.com/maps?q=10.75406,106.84842
ga32;Phú Thạnh;10.73762;106.85099;tt;1;không;OpenStreetMap · Overpass API;2026-07-29;https://www.google.com/maps?q=10.73762,106.85099
ga33;Tuy Hạ;10.7189;106.86253;tt;1;không;OpenStreetMap · Overpass API;2026-07-29;https://www.google.com/maps?q=10.7189,106.86253
ga34;Nhơn Trạch;10.722;106.87601;tt;1;không;OpenStreetMap · Overpass API;2026-07-29;https://www.google.com/maps?q=10.722,106.87601
ga35;Phú Hội;10.72731;106.89921;tt;1;không;OpenStreetMap · Overpass API;2026-07-29;https://www.google.com/maps?q=10.72731,106.89921
ga36;Phước Thiền;10.73133;106.91669;tt;1;không;OpenStreetMap · Overpass API;2026-07-29;https://www.google.com/maps?q=10.73133,106.91669
ga37;Hiệp Phước;10.73478;106.93174;tt;1;không;OpenStreetMap · Overpass API;2026-07-29;https://www.google.com/maps?q=10.73478,106.93174
ga38;Ga S16;10.73835;106.94955;tt;1;không;OpenStreetMap · Overpass API;2026-07-29;https://www.google.com/maps?q=10.73835,106.94955
ga39;Ga S17;10.74084;106.9624;tt;1;không;OpenStreetMap · Overpass API;2026-07-29;https://www.google.com/maps?q=10.74084,106.9624
ga40;Ga S19;10.74114;106.97581;tt;1;không;OpenStreetMap · Overpass API;2026-07-29;https://www.google.com/maps?q=10.74114,106.97581
