Tuyến;Tên tuyến;Đoạn;Thứ tự;Đường;Km đầu;Km cuối;Dài (km);Lệch trung bình (m);Ghi chú
m1;Metro số 1;0;1;Xa lộ Hà Nội;0;2.05;2.05;24;
m1;Metro số 1;0;2;Song Hành Xa Lộ Hà Nội;2.2;3.11;0.91;7;
m1;Metro số 1;0;3;Song Hành Xa Lộ Hà Nội;3.27;4.02;0.76;12;
m1;Metro số 1;0;4;Xa lộ Hà Nội;4.18;5.75;1.57;22;
m1;Metro số 1;0;5;Võ Nguyên Giáp;5.99;9.99;4;19;
m1;Metro số 1;0;6;Cầu Rạch Chiếc;10.14;10.45;0.3;24;
m1;Metro số 1;0;7;Song Hành Võ Nguyên Giáp;10.92;11.25;0.33;5;
m1;Metro số 1;0;8;Song Hành Võ Nguyên Giáp;11.41;13.12;1.7;9;
m1;Metro số 1;0;9;Võ Nguyên Giáp;13.27;13.72;0.45;27;
m1;Metro số 1;0;10;Cầu Sài Gòn;14.17;14.61;0.44;23;
m1;Metro số 1;1;1;Lê Lợi;0.47;0.79;0.31;2;
m1;Metro số 1;1;2;Nguyễn Siêu;1.28;1.59;0.31;7;
m2;Metro số 2;0;1;Trường Chinh;0.38;2.67;2.3;6;
m2;Metro số 2;0;2;Trường Chinh;3.12;4.85;1.73;13;
m2;Metro số 2;0;3;Cách Mạng Tháng Tám;5;8.48;3.48;5;
m2;Metro số 2;0;4;Cách Mạng Tháng Tám;8.63;9.84;1.21;3;
m2tt;Metro số 2 (nhánh);0;1;Mai Chí Thọ;1.42;2.33;0.91;14;
m2tt;Metro số 2 (nhánh);0;2;Mai Chí Thọ;2.48;3.02;0.54;12;
m2tt;Metro số 2 (nhánh);0;3;Hàm Nghi;4.58;5.2;0.63;6;
bd2;Metro số 2 Thủ Dầu Một;0;1;Phạm Ngọc Thạch;0;2.25;2.25;19;
bd2;Metro số 2 Thủ Dầu Một;0;2;Đại lộ Bình Dương;2.31;20.41;18.09;15;
bd2;Metro số 2 Thủ Dầu Một;0;3;Quốc lộ 13;20.91;21.78;0.86;27;
bd1;Metro Bình Dương;0;1;Xa lộ Hà Nội;0;0.98;0.98;23;
bd1;Metro Bình Dương;0;2;Đường số 4;1.11;1.95;0.85;17;
bd1;Metro Bình Dương;0;3;Mỹ Phước - Tân Vạn;2.04;22.01;19.96;17;
bd1;Metro Bình Dương;0;4;Huỳnh Văn Lũy;22.2;28.85;6.65;24;
m6;Metro số 6;0;1;(không xác định);0.5;0.86;0.37;;Không có đường có tên nào trong 70 m — có thể là đoạn vượt sông, cắt đồng, hoặc đi dưới khu dân cư
m6;Metro số 6;0;2;Võ Chí Công;1.36;2.92;1.56;20;
m6;Metro số 6;0;3;Cầu Phú Hữu;3.08;3.57;0.49;29;
m6;Metro số 6;0;4;(không xác định);3.83;4.14;0.32;;Không có đường có tên nào trong 70 m — có thể là đoạn vượt sông, cắt đồng, hoặc đi dưới khu dân cư
m6;Metro số 6;0;5;(không xác định);4.3;4.62;0.32;;Không có đường có tên nào trong 70 m — có thể là đoạn vượt sông, cắt đồng, hoặc đi dưới khu dân cư
m6;Metro số 6;0;6;Võ Nguyên Giáp;6.99;7.43;0.44;12;
m6;Metro số 6;0;7;Đường Số 2;9.01;9.32;0.3;43;
m6;Metro số 6;0;8;Phạm Văn Đồng;9.86;10.5;0.65;14;
m6;Metro số 6;0;9;Phạm Văn Đồng;10.66;12.69;2.03;8;
m6;Metro số 6;0;10;Kha Vạn Cân;12.85;13.45;0.61;10;
m6;Metro số 6;0;11;Phạm Văn Đồng;14.69;17.49;2.8;8;
m6;Metro số 6;0;12;Bạch Đằng;17.99;19.21;1.22;6;
m6;Metro số 6;0;13;(không xác định);19.6;20.35;0.75;;Không có đường có tên nào trong 70 m — có thể là đoạn vượt sông, cắt đồng, hoặc đi dưới khu dân cư
m6;Metro số 6;0;14;(không xác định);20.5;21.25;0.75;;Không có đường có tên nào trong 70 m — có thể là đoạn vượt sông, cắt đồng, hoặc đi dưới khu dân cư
m6;Metro số 6;0;15;Đường C12;21.4;22.15;0.76;22;
m3;Metro số 3;0;1;Quốc lộ 13;0;4.75;4.75;26;
m3;Metro số 3;0;2;Cầu Bình Triệu 1;5.2;5.65;0.45;28;
m3;Metro số 3;0;3;Quốc lộ 13;5.8;6.54;0.75;23;
m3;Metro số 3;0;4;Xô Viết Nghệ Tĩnh;6.69;8.58;1.89;18;
m3;Metro số 3;0;5;Nguyễn Thị Minh Khai;9.03;12.64;3.61;10;
m3;Metro số 3;0;6;Hùng Vương;12.93;14.65;1.72;6;
m3;Metro số 3;0;7;Đường Hồng Bàng;14.79;18.05;3.26;3;
m3;Metro số 3;0;8;Đường Kinh Dương Vương;18.37;23.14;4.77;3;
m3;Metro số 3;0;9;Lê Khả Phiêu;23.4;24.12;0.71;12;
m3;Metro số 3;0;10;Lê Khả Phiêu;24.27;24.84;0.57;18;
m3;Metro số 3;0;11;(không xác định);24.96;25.68;0.72;;Không có đường có tên nào trong 70 m — có thể là đoạn vượt sông, cắt đồng, hoặc đi dưới khu dân cư
m3;Metro số 3;0;12;Xóm Hố;26.12;26.56;0.45;27;
m3;Metro số 3;0;13;Đường Võ Trần Chí;27.61;28.27;0.67;36;
m3;Metro số 3;0;14;(không xác định);28.54;29.06;0.52;;Không có đường có tên nào trong 70 m — có thể là đoạn vượt sông, cắt đồng, hoặc đi dưới khu dân cư
m3;Metro số 3;0;15;(không xác định);29.21;30.37;1.16;;Không có đường có tên nào trong 70 m — có thể là đoạn vượt sông, cắt đồng, hoặc đi dưới khu dân cư
m3;Metro số 3;0;16;(không xác định);30.53;31.7;1.17;;Không có đường có tên nào trong 70 m — có thể là đoạn vượt sông, cắt đồng, hoặc đi dưới khu dân cư
m3;Metro số 3;0;17;(không xác định);31.85;32.76;0.91;;Không có đường có tên nào trong 70 m — có thể là đoạn vượt sông, cắt đồng, hoặc đi dưới khu dân cư
m3;Metro số 3;0;18;(không xác định);32.91;33.21;0.3;;Không có đường có tên nào trong 70 m — có thể là đoạn vượt sông, cắt đồng, hoặc đi dưới khu dân cư
m3;Metro số 3;0;19;(không xác định);33.36;34.99;1.63;;Không có đường có tên nào trong 70 m — có thể là đoạn vượt sông, cắt đồng, hoặc đi dưới khu dân cư
m3;Metro số 3;0;20;Đường vành đai 3 Thành phố Hồ Chí Minh;35.19;35.83;0.63;15;
m3;Metro số 3;0;21;Trấn Đại Nghĩa;36.54;38.62;2.08;15;
m3;Metro số 3;0;22;(không xác định);38.76;40.54;1.77;;Không có đường có tên nào trong 70 m — có thể là đoạn vượt sông, cắt đồng, hoặc đi dưới khu dân cư
m3;Metro số 3;0;23;(không xác định);40.69;41.13;0.45;;Không có đường có tên nào trong 70 m — có thể là đoạn vượt sông, cắt đồng, hoặc đi dưới khu dân cư
m3;Metro số 3;0;24;(không xác định);41.29;41.59;0.3;;Không có đường có tên nào trong 70 m — có thể là đoạn vượt sông, cắt đồng, hoặc đi dưới khu dân cư
m3;Metro số 3;0;25;(không xác định);42.04;43.4;1.36;;Không có đường có tên nào trong 70 m — có thể là đoạn vượt sông, cắt đồng, hoặc đi dưới khu dân cư
m7;Metro số 7;0;1;Đường Võ Trần Chí;0;0.8;0.8;22;
m7;Metro số 7;0;2;Cầu Rạch Tam;0.95;1.27;0.32;23;
m7;Metro số 7;0;3;(không xác định);2.33;2.7;0.37;;Không có đường có tên nào trong 70 m — có thể là đoạn vượt sông, cắt đồng, hoặc đi dưới khu dân cư
m7;Metro số 7;0;4;Đường dẫn cao tốc Thành phố Hồ Chí Minh – Trung Lương;2.92;3.94;1.02;31;
m7;Metro số 7;0;5;Đường dẫn cao tốc Thành phố Hồ Chí Minh – Trung Lương;4.08;4.81;0.73;31;
m7;Metro số 7;0;6;Nguyễn Văn Linh;5.18;12.06;6.88;18;
m7;Metro số 7;0;7;(không xác định);12.5;12.94;0.44;;Không có đường có tên nào trong 70 m — có thể là đoạn vượt sông, cắt đồng, hoặc đi dưới khu dân cư
m7;Metro số 7;0;8;(không xác định);13.71;15.37;1.66;;Không có đường có tên nào trong 70 m — có thể là đoạn vượt sông, cắt đồng, hoặc đi dưới khu dân cư
m7;Metro số 7;0;9;(không xác định);16.38;17.46;1.08;;Không có đường có tên nào trong 70 m — có thể là đoạn vượt sông, cắt đồng, hoặc đi dưới khu dân cư
m7;Metro số 7;0;10;(không xác định);18.37;20.53;2.16;;Không có đường có tên nào trong 70 m — có thể là đoạn vượt sông, cắt đồng, hoặc đi dưới khu dân cư
m7;Metro số 7;0;11;Nguyễn Lương Bằng;20.69;21.04;0.35;8;
m7;Metro số 7;0;12;Nguyễn Lương Bằng;21.18;22;0.82;4;
m7;Metro số 7;0;13;Cầu Phú Mỹ;22.45;23.4;0.94;10;
m7;Metro số 7;0;14;Huỳnh Tấn Phát;23.47;25.35;1.88;13;
m7;Metro số 7;0;15;(không xác định);25.9;26.32;0.42;;Không có đường có tên nào trong 70 m — có thể là đoạn vượt sông, cắt đồng, hoặc đi dưới khu dân cư
m7;Metro số 7;0;16;Bùi Thiện Ngộ;26.53;27.5;0.97;14;
m7;Metro số 7;0;17;Tố Hữu;28.28;28.89;0.61;20;
m7;Metro số 7;0;18;Tố Hữu;29.04;29.64;0.6;28;
m7;Metro số 7;0;19;Trần Não;30.03;30.46;0.44;16;
m7;Metro số 7;0;20;Trần Não;30.61;31.98;1.37;12;
m7;Metro số 7;0;21;(không xác định);33.46;34.05;0.59;;Không có đường có tên nào trong 70 m — có thể là đoạn vượt sông, cắt đồng, hoặc đi dưới khu dân cư
m7;Metro số 7;0;22;(không xác định);35.14;35.95;0.81;;Không có đường có tên nào trong 70 m — có thể là đoạn vượt sông, cắt đồng, hoặc đi dưới khu dân cư
m7;Metro số 7;0;23;Đường D2;40.03;42.97;2.94;14;
m7;Metro số 7;0;24;Đường D2B;43.25;43.68;0.43;13;
m7;Metro số 7;0;25;(không xác định);44.84;45.15;0.31;;Không có đường có tên nào trong 70 m — có thể là đoạn vượt sông, cắt đồng, hoặc đi dưới khu dân cư
m7;Metro số 7;0;26;Đường Cầu Vồng 3;46.21;46.72;0.52;25;
m7;Metro số 7;0;27;Đường V3;47.27;47.79;0.52;34;
tt;Thủ Thiêm – Long Thành;0;1;(không xác định);0.15;9.74;9.59;;Không có đường có tên nào trong 70 m — có thể là đoạn vượt sông, cắt đồng, hoặc đi dưới khu dân cư
tt;Thủ Thiêm – Long Thành;0;2;Đường T1;9.89;11.78;1.88;40;
tt;Thủ Thiêm – Long Thành;0;3;(không xác định);11.91;12.62;0.7;;Không có đường có tên nào trong 70 m — có thể là đoạn vượt sông, cắt đồng, hoặc đi dưới khu dân cư
tt;Thủ Thiêm – Long Thành;0;4;(không xác định);12.77;13.96;1.19;;Không có đường có tên nào trong 70 m — có thể là đoạn vượt sông, cắt đồng, hoặc đi dưới khu dân cư
tt;Thủ Thiêm – Long Thành;0;5;(không xác định);14.11;16.01;1.91;;Không có đường có tên nào trong 70 m — có thể là đoạn vượt sông, cắt đồng, hoặc đi dưới khu dân cư
tt;Thủ Thiêm – Long Thành;0;6;Tôn Đức Thắng;16.16;27.42;11.26;13;
tt;Thủ Thiêm – Long Thành;0;7;Đường song hành Vành đai 3 Thành phố Hồ Chí Minh;27.69;28.96;1.27;15;
tt;Thủ Thiêm – Long Thành;0;8;Đường vành đai 3 Thành phố Hồ Chí Minh;29.55;32.76;3.21;49;
tt;Thủ Thiêm – Long Thành;0;9;Cầu Nhơn Trạch;32.91;34.6;1.7;55;
tt;Thủ Thiêm – Long Thành;0;10;(không xác định);34.74;36.06;1.31;;Không có đường có tên nào trong 70 m — có thể là đoạn vượt sông, cắt đồng, hoặc đi dưới khu dân cư
tt;Thủ Thiêm – Long Thành;0;11;Đường cao tốc Thành phố Hồ Chí Minh – Long Thành – Dầu Giây;36.46;38.7;2.24;59;
tt;Thủ Thiêm – Long Thành;0;12;Đường cao tốc Thành phố Hồ Chí Minh – Long Thành – Dầu Giây;38.85;39.46;0.61;56;
tt;Thủ Thiêm – Long Thành;0;13;Đường cao tốc Thành phố Hồ Chí Minh – Long Thành – Dầu Giây;39.61;40.21;0.61;55;
tt;Thủ Thiêm – Long Thành;0;14;Đường cao tốc Thành phố Hồ Chí Minh – Long Thành – Dầu Giây;40.36;40.82;0.45;54;
tt;Thủ Thiêm – Long Thành;0;15;Đường Song Hành Cao Tốc;41.73;43.39;1.66;15;
tt;Thủ Thiêm – Long Thành;0;16;Đường Song Hành Cao Tốc;43.53;44.74;1.21;14;
tt;Thủ Thiêm – Long Thành;0;17;(không xác định);45.35;46.02;0.68;;Không có đường có tên nào trong 70 m — có thể là đoạn vượt sông, cắt đồng, hoặc đi dưới khu dân cư
cg;Bến Thành – Cần Giờ;0;1;Rừng Sác;0;0.98;0.98;23;
cg;Bến Thành – Cần Giờ;0;2;Rừng Sác;1.1;3.09;1.99;59;
cg;Bến Thành – Cần Giờ;0;3;(không xác định);3.25;9.58;6.33;;Không có đường có tên nào trong 70 m — có thể là đoạn vượt sông, cắt đồng, hoặc đi dưới khu dân cư
cg;Bến Thành – Cần Giờ;0;4;Rừng Sác;9.73;13.04;3.31;53;
cg;Bến Thành – Cần Giờ;0;5;(không xác định);13.2;19.61;6.41;;Không có đường có tên nào trong 70 m — có thể là đoạn vượt sông, cắt đồng, hoặc đi dưới khu dân cư
cg;Bến Thành – Cần Giờ;0;6;(không xác định);19.76;22.58;2.82;;Không có đường có tên nào trong 70 m — có thể là đoạn vượt sông, cắt đồng, hoặc đi dưới khu dân cư
cg;Bến Thành – Cần Giờ;0;7;(không xác định);22.73;27.57;4.84;;Không có đường có tên nào trong 70 m — có thể là đoạn vượt sông, cắt đồng, hoặc đi dưới khu dân cư
cg;Bến Thành – Cần Giờ;0;8;Rừng Sác;28.16;31.35;3.19;10;
cg;Bến Thành – Cần Giờ;0;9;(không xác định);31.63;32.18;0.55;;Không có đường có tên nào trong 70 m — có thể là đoạn vượt sông, cắt đồng, hoặc đi dưới khu dân cư
cg;Bến Thành – Cần Giờ;0;10;(không xác định);32.32;37.7;5.38;;Không có đường có tên nào trong 70 m — có thể là đoạn vượt sông, cắt đồng, hoặc đi dưới khu dân cư
cg;Bến Thành – Cần Giờ;0;11;(không xác định);37.86;38.33;0.47;;Không có đường có tên nào trong 70 m — có thể là đoạn vượt sông, cắt đồng, hoặc đi dưới khu dân cư
cg;Bến Thành – Cần Giờ;0;12;(không xác định);39.22;40.68;1.47;;Không có đường có tên nào trong 70 m — có thể là đoạn vượt sông, cắt đồng, hoặc đi dưới khu dân cư
cg;Bến Thành – Cần Giờ;0;13;Đường 15B;40.98;42.06;1.07;2;
cg;Bến Thành – Cần Giờ;0;14;Nguyễn Lương Bằng;42.52;43.45;0.93;3;
cg;Bến Thành – Cần Giờ;0;15;Nguyễn Lương Bằng;43.6;44.51;0.9;7;
cg;Bến Thành – Cần Giờ;0;16;Nguyễn Văn Linh;44.64;45.04;0.41;12;
cg;Bến Thành – Cần Giờ;0;17;Nguyễn Văn Linh;45.19;46.62;1.43;7;
cg;Bến Thành – Cần Giờ;0;18;Nguyễn Tất Thành;47.57;48.81;1.24;6;
cg;Bến Thành – Cần Giờ;0;19;Lê Quốc Hưng;49.06;49.42;0.37;6;
cg;Bến Thành – Cần Giờ;0;20;Ký Con;49.82;50.28;0.46;9;
cg;Bến Thành – Cần Giờ;1;1;(không xác định);0.15;1.58;1.43;;Không có đường có tên nào trong 70 m — có thể là đoạn vượt sông, cắt đồng, hoặc đi dưới khu dân cư
cg;Bến Thành – Cần Giờ;1;2;Rừng Sác;2.15;2.46;0.3;36;
